original_review,after_external_preprocessing,after_pipeline_preprocessing
Hands down my favorite Italian restaurant!,hands down my favorite italian restaurant ,hands down my favorite italian restaurant
Penne vodka excellent!,penne vodka excellent ,penne vodka excellent
I promise they won't disappoint.,i promise they won t disappoint ,i promise they won t disappoint
The goat taco didn't skimp on the meat and wow what FLAVOR!,the goat taco didn t skimp on the meat and wow what flavor ,the goat taco didn t skimp on the meat and wow what flavor
What I really like there is the crepe station.,what i really like there is the crepe station ,what i really like there is the crepe station
Awful service.,awful service ,awful service
So don't go there if you are looking for good food...,so don t go there if you are looking for good food   ,so don t go there if you are looking for good food
I won't be back.,i won t be back ,i won t be back
The selection was probably the worst I've seen in Vegas.....there was none.,the selection was probably the worst i ve seen in vegas     there was none ,the selection was probably the worst i ve seen in vegas there was none
"Ordered a double cheeseburger & got a single patty that was falling apart (picture uploaded) Yeah, still sucks.",ordered a double cheeseburger   got a single patty that was falling apart  picture uploaded  yeah  still sucks ,ordered a double cheeseburger got a single patty that was falling apart picture uploaded yeah still sucks
